id,kind,title,file_url,source_record,original,raw,source_file_sha256,body_sha256,extraction_status
205,report,Annual Report 2024,https://www.bnm.md/files/Annual_Report_2024.pdf,https://www.bnm.md/en/content/annual-report-2024,original/205__Annual_Report_2024.pdf,documents/205__Annual_Report_2024.pdf.md,2d3ece3dd53584225e9f6c8db32d353289188850aa418adc5790cd3371c2968d,48f6ac72161ce2e01cd4e8b41741fff3885a90b820ba08c7a515c55250874fa2,text-extracted
206,report,Annual Report 2023,https://www.bnm.md/files/Annual_Report_2023.pdf,https://www.bnm.md/en/content/annual-report-2023,original/206__Annual_Report_2023.pdf,documents/206__Annual_Report_2023.pdf.md,86cc824cefaf81b77fd2cfec1c7fb47d16c4e54cbf829fa1bd5062329963db48,46b22cb640ae6519b51cd128b66ca2df926d1c89c38dddd07c831176638eceb7,text-extracted
207,report,Annual Report 2022,https://www.bnm.md/files/Annual Report_2022_en.pdf,https://www.bnm.md/en/content/annual-report-2022,original/207__Annual Report_2022_en.pdf,documents/207__Annual Report_2022_en.pdf.md,e4e2d2200fcb73f82b46e2d69e5c508c9690245e6f06c2fbb56cc17da9991415,60fb607a2d03d1ca537610f8c3a77716939c59070cb62c69ebf2fe856fdbed4e,text-extracted
208,report,Annual Report 2021,https://www.bnm.md/files/Annual_Report_2021.pdf,https://www.bnm.md/en/content/annual-report-2021,original/208__Annual_Report_2021.pdf,documents/208__Annual_Report_2021.pdf.md,9ffbada86fce7c0fc75f43931131019a5f44cb045dfb0d7446053923bc4a12a4,aeaada27336a1b1a38959235a37da3e29df66cfe9e75e3b9fc4fef03132d734b,text-extracted
209,report,Annual Report 2020,https://www.bnm.md/files/Annual_Report_2020_1.pdf,https://www.bnm.md/en/content/annual-report-2020,original/209__Annual_Report_2020_1.pdf,documents/209__Annual_Report_2020_1.pdf.md,6e2f45c11d6625f121250509cb9adc79270e23c0027b7b964f6585b4072cbf85,500c9e3167b14b90511770531d08933ff8f832f39cea4da11b1d2e6393fe4203,text-extracted
210,report,Annual Report 2019,https://www.bnm.md/files/Annual_Report_2019_1.pdf,https://www.bnm.md/en/content/annual-report-2019,original/210__Annual_Report_2019_1.pdf,documents/210__Annual_Report_2019_1.pdf.md,56f67f808b110684c0eb98ce7f6bf3f21a4e548c82456d01b5e85e1e783ddaa5,d2186750ed51d67f84cd83b0d66c7ab542a67b03ea2b78f802209ef0b9d586a7,text-extracted
211,report,Annual Report 2018,https://www.bnm.md/files/Annual_Report_2018.pdf,https://www.bnm.md/en/content/annual-report-2018,original/211__Annual_Report_2018.pdf,documents/211__Annual_Report_2018.pdf.md,ab76fb4b432b016050e8c8a1d017cf8c13844ef1c0deeb7782bdebdc316aeb0c,2c25e197fa0012e88db9d154af73d7be32a10eb217d068d013f209833302c0cd,text-extracted
212,report,Annual Report 2017,https://www.bnm.md/files/RA_2017_en.pdf,https://www.bnm.md/en/content/annual-report-2017,original/212__RA_2017_en.pdf,documents/212__RA_2017_en.pdf.md,dccb9559c0e9b0dfc5cef38e982a608716a9274d89132af9de6cfff8bad56a21,57e701b83e84e541e41d8c323a3d6d0d92622cd9c3833e5411e1587ef0eee8c8,text-extracted
213,report,Annual Report 2016,https://www.bnm.md/files/RA_2016_EN_1.pdf,https://www.bnm.md/en/content/annual-report-2016,original/213__RA_2016_EN_1.pdf,documents/213__RA_2016_EN_1.pdf.md,880a20b88f26c90c020f6c2265cf869a84470f41bd126afbe6a05316aa821592,d6cbf2cd02c729a55fbb7cfd1080bf0f4fe04a8a26a98ed572421444f584d21e,text-extracted
214,report,Annual Report 2015,https://www.bnm.md/files/RA_2015_eng.pdf,https://www.bnm.md/en/content/raport-anual-2015,original/214__RA_2015_eng.pdf,documents/214__RA_2015_eng.pdf.md,59594f78b7f6e41bb735f830aadb35782afedfcbd1cc7cc142e4ea7d3baeaead,2fff6098351001d4f157233efb7bd78f7680bcac3ddb5cd19096d43b19653200,text-extracted
215,report,Annual Report 2014,https://www.bnm.md/files/RA_main_eng.pdf,https://www.bnm.md/en/content/annual-report-2014,original/215__RA_main_eng.pdf,documents/215__RA_main_eng.pdf.md,143d4ae7a72d080b6e245f99e871742ff2d1eb0f4fb29dce237bae3151a149fa,95f2c2012438c7882e0995916e8556f2c05ce3e5471624962b73df76fb262a09,text-extracted
216,report,Annual Report 2013,https://www.bnm.md/files/ra2013en.pdf,https://www.bnm.md/en/content/annual-report-2013,original/216__ra2013en.pdf,documents/216__ra2013en.pdf.md,6e1b63c1d928fa48f26f4d609ef64b34e07ac2c54aeab63cf5facfce9efa4c58,ba8ea10e0a393f1db1e6496784a6de6ebe34886e3bcb3d66b08400c5fe8fda40,text-extracted
217,report,Annual Report 2012,https://www.bnm.md/files/ra2012en.pdf,https://www.bnm.md/en/content/annual-report-2012,original/217__ra2012en.pdf,documents/217__ra2012en.pdf.md,8c30a00c406c4b304234e362d60db0b905f8fd715bc425002896162a6b5cca76,c18a4eaebaa0c231c6737a247efef62e15c691ca282b37e05a740b3991bb838d,text-extracted
218,report,Annual Report 2011,https://www.bnm.md/files/ra2011en.pdf,https://www.bnm.md/en/content/annual-report-2011,original/218__ra2011en.pdf,documents/218__ra2011en.pdf.md,96c7a839c0c18c074263894b2efb6ea58c61b5ee807ee5cc775f9b8a7d04e93f,bd51357ea257870095e4cb02b04a54515d29ae4a69b9ee88881aeb00f7a51bca,text-extracted
219,report,Annual Report 2010,https://www.bnm.md/files/ra2010en.pdf,https://www.bnm.md/en/content/annual-report-2010,original/219__ra2010en.pdf,documents/219__ra2010en.pdf.md,2005d4d8d9e420d7bf4793e232fd9df4c62f6235af66b4585bb0e8ec1fb88314,a6673ce1cb94c3b04b69dfb09658efd8b3f3d85df290a1d3c45841036066932f,text-extracted
220,report,Annual Report 2009,https://www.bnm.md/files/ra2009en.pdf,https://www.bnm.md/en/content/annual-report-2009,original/220__ra2009en.pdf,documents/220__ra2009en.pdf.md,490d0b5a47b266aa5ec53d7cb13fadec8e48e0ba7585a2d14efcf6ce53e3fa9f,8368f3445465b49cc4ada48a773b77cbd0b983fd0f8fc3b3489f6176736ef256,text-extracted
221,report,Annual Report 2008,https://www.bnm.md/files/ra2008en.pdf,https://www.bnm.md/en/content/annual-report-2008,original/221__ra2008en.pdf,documents/221__ra2008en.pdf.md,492d6c4c0dcfb8801ac36b3acd377a2be3f538affbeb7a1be9b3dd113f073016,c360f1ebdc8731803d4fcc0d847bb206b302b52b2757ebb7f648378f0e5448e4,text-extracted
222,report,Annual Report 2007,https://www.bnm.md/files/ra2007en.pdf,https://www.bnm.md/en/content/annual-report-2007-0,original/222__ra2007en.pdf,documents/222__ra2007en.pdf.md,81aa24f6f6f6875296c0a2dfbf96c9ae5be04427fd4bd43f2fd8cb9d7ef264d0,c0507943b4d448e72b82e1b8fa38929981106c05b0bec9bd414f61a626ca0433,text-extracted
223,report,Annual Report 2006,https://www.bnm.md/files/ra2006en.pdf,https://www.bnm.md/en/content/annual-report-2006,original/223__ra2006en.pdf,documents/223__ra2006en.pdf.md,b0645c1bddfc93c921c5db1811d1af7ea881ed324ac0b55257fb6349b05a04e5,55aa344d244722c97d17b6005466c096df09c0160ba201b4e14725017e2689ff,text-extracted
224,report,Annual Report 2005,https://www.bnm.md/files/ra2005en.pdf,https://www.bnm.md/en/content/annual-report-2005,original/224__ra2005en.pdf,documents/224__ra2005en.pdf.md,76da7d7493b06a7123d4d4defc4237a892a1244c9e6889e071bcf25103ae0b6d,8f21086eb77966f7b97d065f38421daa45656e8bdc3d213d2267f5467dbc4af7,text-extracted
225,report,Annual Report 2004,https://www.bnm.md/files/ra2004en.pdf,https://www.bnm.md/en/content/annual-report-2004,original/225__ra2004en.pdf,documents/225__ra2004en.pdf.md,b6078e4618ee8b061d959c69564e611e2e681a6307e2a25ac285403203ad4156,d90afa520d2ab49255946e144f3fcb84d1edb098ed230df8b1f0cd6457dd0378,text-extracted
226,report,Annual Report 2003,https://www.bnm.md/files/ra2003_en.pdf,https://www.bnm.md/en/content/annual-report-2003,original/226__ra2003_en.pdf,documents/226__ra2003_en.pdf.md,a3c33af1d1c833ff89b49bd133a2a4efaab3f5698f4e067646438f4cd8b373dd,b1a3a324d99ab6206514f121024d377b0dedf11af2a94e40226ff02d3b7dfcc9,text-extracted
227,report,Annual Report 2002,https://www.bnm.md/files/ra2002_en.pdf,https://www.bnm.md/en/content/annual-report-2002,original/227__ra2002_en.pdf,documents/227__ra2002_en.pdf.md,194fa8551a56be6e33a7b4028bf3f415e28720fe986003c24d5731cba9ac38ef,693fd83b4b8fdc3fd39467b7d8e3d32bda599a525f38dd27e7e093b1a685dafb,text-extracted
228,report,Annual Report 2001,https://www.bnm.md/files/ra2001_en.pdf,https://www.bnm.md/en/content/annual-report-2001,original/228__ra2001_en.pdf,documents/228__ra2001_en.pdf.md,8bb700b8784b759d6effec82496d606dae5ac99c114e8ab9ec15c4bb72e50c53,76ce575944adb294790aea51f00495c2226de1ec2a6a9dfcaaa71610a1f29bfb,text-extracted
229,report,Annual Report 2000,https://www.bnm.md/files/ra2000_en.pdf,https://www.bnm.md/en/content/annual-report-2000,original/229__ra2000_en.pdf,documents/229__ra2000_en.pdf.md,0c3eddc199bed9199934cfd28aa915a7767d44daa03aeb06a5355956378f8da4,36e8752bb11a8c83aa3554ee7aa4518d7308a7226f0b36691a3fa6d3c3fb1695,text-extracted-pdftotext
230,report,"Inflation Report, February 2026",https://www.bnm.md/files/Inflation_report_february_2026.pdf,https://www.bnm.md/en/content/inflation-report-february-2026,original/230__Inflation_report_february_2026.pdf,documents/230__Inflation_report_february_2026.pdf.md,e0f2a719edbaa5440ce8bfdf59ccee7c977e1c43f4834cd7d21aa3a15ef70b3c,5e66d3d71c83f99c79231c4c6f6c7ccf0cde82f0949f65b51dc8d3e8da427c88,text-extracted
231,report,"Inflation Report, February 2026",https://www.bnm.md/files/Prezentare_RI_februarie_2026.pdf,https://www.bnm.md/en/content/inflation-report-february-2026,original/231__Prezentare_RI_februarie_2026.pdf,documents/231__Prezentare_RI_februarie_2026.pdf.md,9d84a46404d013eca30a07bbc107263b82cd7a32ae2692ded469e403f08102e2,7966b46ea28478d5e62535c48373626df4a3e970f84931645d0e3fd6dd33c172,text-extracted
232,report,"Inflation Report, November 2025",https://www.bnm.md/files/Inflation_Report_November_2025 (1).pdf,https://www.bnm.md/en/content/inflation-report-november-2025,original/232__Inflation_Report_November_2025 (1).pdf,documents/232__Inflation_Report_November_2025 (1).pdf.md,857ff3b64236c52ada6b72372d7a7bce8693e9e2026770b9195b2cd56c014fba,cbb3d18db93fccd27e28dd678670a9dd90643f9c05c9db6650407312a7d84420,text-extracted
233,report,"Inflation Report no. 3, 2025",https://www.bnm.md/files/Inflation_Report_August_2025_ISBN.pdf,https://www.bnm.md/en/content/inflation-report-no-3-2025,original/233__Inflation_Report_August_2025_ISBN.pdf,documents/233__Inflation_Report_August_2025_ISBN.pdf.md,f3710e8e4bbf3f5a7af2664ef0ffc23552567e92b77dc1d602967cb8b6993544,ffd3ee51fe1d9e2da2811e1e78e0f9733a41af39d8188d3a3efac6c703cc010e,text-extracted
234,report,"Inflation Report no. 3, 2025",https://www.bnm.md/files/Prezentare_RI_august_2025_1.pdf,https://www.bnm.md/en/content/inflation-report-no-3-2025,original/234__Prezentare_RI_august_2025_1.pdf,documents/234__Prezentare_RI_august_2025_1.pdf.md,0db398283409704ed532152987e438f38aa22ebb85b3a8585d7ea85d493c7db9,df27de2c50f8ca38d28c4ab51245d821d9501885e117442329e13c238dcae86e,text-extracted
235,report,"Inflation Report no. 2, 2025",https://www.bnm.md/files/Inflation_Report_May_2025_ISBN.pdf,https://www.bnm.md/en/content/inflation-report-no-2-2025,original/235__Inflation_Report_May_2025_ISBN.pdf,documents/235__Inflation_Report_May_2025_ISBN.pdf.md,0546fa1a5d1693061e63995efc4e52495132c949b14ac84c7eb0f9e2cb5f0971,72364e0ab6f62ba46e1622e214bec6ebfe757ae22fb59a6419b6e543e9765cd3,text-extracted
236,report,"Inflation Report no. 2, 2025",https://www.bnm.md/files/Prezentare_RI_mai_2025.pdf,https://www.bnm.md/en/content/inflation-report-no-2-2025,original/236__Prezentare_RI_mai_2025.pdf,documents/236__Prezentare_RI_mai_2025.pdf.md,58ea7a6e2f605cb7e683852831235a7a9b4e168dac5e8a148f5b6f126e46b548,6481bf63f470724e7f1a3048266ac3703109fa8d34eed0c91fb8cd0ea677e813,text-extracted
237,report,"Inflation Report no. 1, 2025",https://www.bnm.md/files/Inflation_Report_February_2025_ISBN.pdf,https://www.bnm.md/en/content/inflation-report-no-1-2025,original/237__Inflation_Report_February_2025_ISBN.pdf,documents/237__Inflation_Report_February_2025_ISBN.pdf.md,f562ffe87288e775a4414f55746935fc9f5d85ff589e28d20cf1f4ccfd747b46,a85586c31f224e935c3791e5e2191a40cae5d29961970faed3c3c349987d8a49,text-extracted
238,report,"Inflation Report no. 1, 2025",https://www.bnm.md/files/Prezentare_RI_februarie_2025.pdf,https://www.bnm.md/en/content/inflation-report-no-1-2025,original/238__Prezentare_RI_februarie_2025.pdf,documents/238__Prezentare_RI_februarie_2025.pdf.md,1a80b02e7a199be8a62dd86deedf88bcd90beda3e5f5f40593239703a2babe99,fe1c4815c382ef4b63202c78ee92568c2606905a6fa0d17b6ee902cdce4ab6d5,text-extracted
239,report,"Inflation Report no. 4, 2024",https://www.bnm.md/files/Inflation_Report_November_2024_ISBN.pdf,https://www.bnm.md/en/content/inflation-report-no-4-2024,original/239__Inflation_Report_November_2024_ISBN.pdf,documents/239__Inflation_Report_November_2024_ISBN.pdf.md,4cf7f39809f6f02a763ed71511d548e2b99692efe47f717cdeac8a08cdec3743,35cdbdd83d903a785ef3d67e3f6a78da7113235c5e52b928af52de84ea7791fa,text-extracted
240,report,"Inflation Report no. 3, 2024",https://www.bnm.md/files/Inflation_Report_August_2024_ISBN.pdf,https://www.bnm.md/en/content/inflation-report-no-3-2024,original/240__Inflation_Report_August_2024_ISBN.pdf,documents/240__Inflation_Report_August_2024_ISBN.pdf.md,0a4713848d9e9f9f674e6f82375b140810ad0299d8eaddbe77faaa85d8cd5473,118ea5da2430d9cbae910bac9026f570775e9600e5a030adc1d7e19ab547fcf4,text-extracted
241,report,"Inflation Report no. 2, 2024",https://www.bnm.md/files/Inflation_Report_May_2024_ISBN.pdf,https://www.bnm.md/en/content/inflation-report-no-2-2024,original/241__Inflation_Report_May_2024_ISBN.pdf,documents/241__Inflation_Report_May_2024_ISBN.pdf.md,df4ea5db953e99ad3f8e6c61381b10bda63fa2b54daf165c81cedf3fcd1f0d4e,080ac91b4519f2d36e563bb4cf7d33d0cc49bf00807d08a94bc765d212212595,text-extracted
242,report,"Inflation Report no. 1, 2024",https://www.bnm.md/files/Inflation_Report_February_2024_ISBN.pdf,https://www.bnm.md/en/content/inflation-report-no-1-2024,original/242__Inflation_Report_February_2024_ISBN.pdf,documents/242__Inflation_Report_February_2024_ISBN.pdf.md,8668c1debd66b1548db55d9674833736c45e50ea94cab8b291a9d1418c4a00aa,cc52d81719c56207b4d3e02f00ef8976dd34487567eeb5a8df4633f89a97bf9b,text-extracted
243,report,"Inflation Report no. 4, 2023",https://www.bnm.md/files/Inflation_Report_November_2023_1.pdf,https://www.bnm.md/en/content/inflation-report-no-4-2023,original/243__Inflation_Report_November_2023_1.pdf,documents/243__Inflation_Report_November_2023_1.pdf.md,e9fc93fc99c440118cf1c9fb973699cbe4252cf74885f567830515a5b87fbaa0,27be2f1eb1b638be73ea05beab7cbea70c4fb2bbd5c758e60392b688657bd854,text-extracted
244,report,"Inflation Report no. 3, 2023",https://www.bnm.md/files/Inflation_Report_August_2023.pdf,https://www.bnm.md/en/content/inflation-report-no-3-2023,original/244__Inflation_Report_August_2023.pdf,documents/244__Inflation_Report_August_2023.pdf.md,66dd6731841d37ea15bacfe2b963e2d19dbea8968a5ab46c1d0fc9d9c3ef2a24,813849dda2db1bc68f706b7229504c39d7daa1f22f0fd1f509c18005270929e0,text-extracted
245,report,"Inflation Report no. 2, 2023",https://www.bnm.md/files/Inflation_Report_May_2023.pdf,https://www.bnm.md/en/content/inflation-report-no-2-2023,original/245__Inflation_Report_May_2023.pdf,documents/245__Inflation_Report_May_2023.pdf.md,b66d1e9405740c8963db266d448f9d7cde64e1ba99b6eeb909157dcac9a3a10f,22e4c089a0b7ed3e6f10e4f7d4b82743f4bfe4d1d2ed0a0327c08b61399a1ab8,text-extracted
246,report,"Inflation Report no. 1, 2023",https://www.bnm.md/files/IR_February_2023 (1).pdf,https://www.bnm.md/en/content/inflation-report-no-1-2023,original/246__IR_February_2023 (1).pdf,documents/246__IR_February_2023 (1).pdf.md,73655169490cbea79317809b91da2cbcdc36728d361cf5dccef11a310f9a1fe7,687481751e5840d5173ab850b0f40ca889101e3d649ceb406030aa284090b835,text-extracted
247,report,"Inflation Report no. 4, 2022",https://www.bnm.md/files/Inflation_Report_November_2022.pdf,https://www.bnm.md/en/content/inflation-report-no-4-november-2022,original/247__Inflation_Report_November_2022.pdf,documents/247__Inflation_Report_November_2022.pdf.md,0793eb29d4790f87b1620c5fed117115c9d2763d1f4ecd821941c20038e28db3,50822c5c2a311b7f2207771b00046df4515a519124ab0f7de16e9de1a199cbbf,text-extracted
248,report,"Inflation Report no. 3, 2022",https://www.bnm.md/files/Inflation_Report_August_2022.pdf,https://www.bnm.md/en/content/video-presentation-inflation-report-no-3-august-2022,original/248__Inflation_Report_August_2022.pdf,documents/248__Inflation_Report_August_2022.pdf.md,177219a8d36229653d181849ee6efafc03c19723d4f689640516d38f0fa82740,52b20996041987250f48e64797436bad42b08e0f167712e463c94e96ae115a1e,text-extracted
249,report,"Inflation Report no. 2, 2022",https://www.bnm.md/files/IR_May_2022.pdf,https://www.bnm.md/en/content/inflation-report-nr-2-may-2022,original/249__IR_May_2022.pdf,documents/249__IR_May_2022.pdf.md,51f71a2eba22052cb3827c21def7358ca058f1fd6d7bf710ce92ac18a3cb6568,97e4a8bd2e034ea811c11fe28951026f2095a83acf33c10945b2d357c4836124,text-extracted
250,report,"Inflation Report no. 1, 2022",https://www.bnm.md/files/IR_1_February_2022.pdf,https://www.bnm.md/en/content/inflation-report-no-1-february-2022,original/250__IR_1_February_2022.pdf,documents/250__IR_1_February_2022.pdf.md,3ee403b389a6d2dfd1f45b05ef50a55a8f489d5f7a43f948172ea831beb5bed5,9f727d7c80eb1328abe7b58e458f05c8c6f9f38bc0f1ca35ccb8e4d64adbdbaf,text-extracted
251,report,"Inflation Report no. 4, 2021",https://www.bnm.md/files/IR_4_November_2021.pdf,https://www.bnm.md/en/content/inflation-report-no-4-2021-has-been-published,original/251__IR_4_November_2021.pdf,documents/251__IR_4_November_2021.pdf.md,0bf83509c20b297671184d36bc6b952402c997c534c351cd07fa3da5050feb72,268736194add405f2804f166df47ad79690805550c41ce165fbce5a84277da5e,text-extracted
252,report,"Inflation Report no. 4, 2021",https://www.bnm.md/files/RI_4_2021.pdf,https://www.bnm.md/en/content/inflation-report-no-4-2021-has-been-published,original/252__RI_4_2021.pdf,documents/252__RI_4_2021.pdf.md,c77600de1f17d1d14a780224ef673e87c4099ae9a745604c766e94e60f35d8df,8213545bd9aa1014172c5821d79525bac83691480f736f50fd9c0f013ad72cf4,text-extracted
253,report,"Inflation Report no. 3, 2021",https://www.bnm.md/files/Inflation_Report_3_2021_2.pdf,https://www.bnm.md/en/content/inflation-report-no3-august-2021,original/253__Inflation_Report_3_2021_2.pdf,documents/253__Inflation_Report_3_2021_2.pdf.md,af77cb7195cb55158dac97bd558fdd627b9c4f702f8c6ff10ab1d2b8e7c7f2cf,4f793a2f2529250c0d3ac6ed86801545656f7d045e9c1e29d602752a37ec82bd,text-extracted
254,report,"Inflation Report no. 3, 2021",https://www.bnm.md/files/Raport asupra inflatiei nr 3 6 august 2021- final.pdf,https://www.bnm.md/en/content/inflation-report-no3-august-2021,original/254__Raport asupra inflatiei nr 3 6 august 2021- final.pdf,documents/254__Raport asupra inflatiei nr 3 6 august 2021- final.pdf.md,036953c030251ad7815af158f94230976f0447039343dc74c959dccfe408eba8,ae5726a49a0f4723f3d32a17cfdb2bceba794aedbcf01acd6c8c235723228cb0,text-extracted
255,report,"Inflation Report no. 2, 2021",https://www.bnm.md/files/IR_2_May_2021.pdf,https://www.bnm.md/en/content/nbm-published-inflation-report-no2,original/255__IR_2_May_2021.pdf,documents/255__IR_2_May_2021.pdf.md,41595ac01add902b89d070bd70635e5ece49d7299b9ebfafe9ddc95483c27607,1decdedc4bc04cf61ca95779b80946d8634de0bf92b65d3221736cbcf4055edd,text-extracted
256,report,"Inflation Report no. 1, 2021",https://www.bnm.md/files/IR_1_February_2021.pdf,https://www.bnm.md/en/content/inflation-report-no1-february-2021,original/256__IR_1_February_2021.pdf,documents/256__IR_1_February_2021.pdf.md,39677220526850bae04e38af3711a00ca97de07b15879234557b506b626dfd18,6fda919745825f96925cb8eb23a09a693f931b1464c2bf188676303da90cb6e3,text-extracted
257,report,"Inflation Report no. 4, 2020",https://www.bnm.md/files/RI_4_noiembrie_2020_1.pdf,https://www.bnm.md/en/content/inflation-report-no-4-2020,original/257__RI_4_noiembrie_2020_1.pdf,documents/257__RI_4_noiembrie_2020_1.pdf.md,8ffe37a0c826c8fe33b59d5f2fa9cfe8b43d0b785c9c5c277ffaa9667007d568,3ed87ad16d0ddfd6248b92dcd1a77f73710bcd62ba464ed87e98ec1723a895cb,text-extracted
258,report,"Inflation Report no. 3, 2020",https://www.bnm.md/files/RI_3_august_2020.pdf,https://www.bnm.md/en/content/inflation-report-no3-august-2020,original/258__RI_3_august_2020.pdf,documents/258__RI_3_august_2020.pdf.md,70a0a42818b75192129eb5f27778bdd582ba666a9ef32d67c7a996f1db7996cf,68b8c372715112a55149ef70941681c6e4216a56a3449be3178fc3738ab151a0,text-extracted
259,report,"Inflation Report no. 2, 2020",https://www.bnm.md/files/IR_2_May_2020.pdf,https://www.bnm.md/en/content/inflation-report-no2-may-2020,original/259__IR_2_May_2020.pdf,documents/259__IR_2_May_2020.pdf.md,22ab4b18c4c8b3804b124753f4a41ef164156e9e018981a059b39db558d834a5,4a6868810c6e20c72b490c177a87b7ba21ff14f07f1dd105853b79cc6c611999,text-extracted
260,report,"Inflation Report no. 1, 2020",https://www.bnm.md/files/IR_1_February_2020_1.pdf,https://www.bnm.md/en/content/inflation-report-no1-february-2020,original/260__IR_1_February_2020_1.pdf,documents/260__IR_1_February_2020_1.pdf.md,878486e8fe824b2324cf10aff4cea3ff7c7068942ecb17a230d700c539489382,38dd201950a1bb5a7836ac791d8b0941ce07675a2d8df67cb0715d95647463fd,text-extracted
261,report,"Inflation Report no. 4, 2019",https://www.bnm.md/files/IR_4_November_2019.pdf,https://www.bnm.md/en/content/inflation-report-no4-november-2019,original/261__IR_4_November_2019.pdf,documents/261__IR_4_November_2019.pdf.md,500185e3c07f7bec479165c7496408448e05137cc138f75b81c0c205823b8ddb,4b30e8746899c1b565a501f4586ed08f05a677cd27fc11d2c7d08e4dd0e8991a,text-extracted
262,report,"Inflation Report no. 3, 2019",https://www.bnm.md/files/IR_3_August_2019.pdf,https://www.bnm.md/en/content/inflation-report-no3-august-2019,original/262__IR_3_August_2019.pdf,documents/262__IR_3_August_2019.pdf.md,3ff03c23cefed0f8dadc155f53da5deaed73155886022ef02a5f871d5e6fe0e8,95c5bb5081e209b9d34d078557df59639bc7602d3cf05ee29626d6640450c324,text-extracted
263,report,"Inflation Report no. 2, 2019",https://www.bnm.md/files/RI_2_May_2019_.pdf,https://www.bnm.md/en/content/inflation-report-no2-may-2019,original/263__RI_2_May_2019.pdf,documents/263__RI_2_May_2019.pdf.md,4fed3de5670ddd1eb9a670175473967a3aa32dd124fa7a8b1da8ae8b922b6ea1,a777fd8069c300d23f37a2b2c1bec995c9578aa9698bb71833d69b47682da2f4,text-extracted
264,report,"Inflation Report no. 2, 2019",https://www.bnm.md/files/Prezentare_BNM_16_MAI_2019.pdf,https://www.bnm.md/en/content/inflation-report-no2-may-2019,original/264__Prezentare_BNM_16_MAI_2019.pdf,documents/264__Prezentare_BNM_16_MAI_2019.pdf.md,0ff6870f9dbc85dd427c7a96865a07cc4bf48341d9659671b406fb7aaeb4ca07,d066e4b853bd23d20a6c6006c52729f382d2771f8db658ae8b11015cf778566f,text-extracted
265,report,"Inflation Report no. 1, 2019",https://www.bnm.md/files/IR_1_2019.pdf,https://www.bnm.md/en/content/inflation-report-no1-february-2019,original/265__IR_1_2019.pdf,documents/265__IR_1_2019.pdf.md,f96dab5fc0d6e45230421db9d8f5d77174432234de878274d2c9d6a29936a70a,145c1aff7609d9b44aec416db2071b77e6bbd4af7a1f83b95da3731f66195985,text-extracted
266,report,"Inflation Report no. 1, 2019",https://www.bnm.md/files/Prezentare_BNM_13_FEBRUARIE_2019_.pdf,https://www.bnm.md/en/content/inflation-report-no1-february-2019,original/266__Prezentare_BNM_13_FEBRUARIE_2019.pdf,documents/266__Prezentare_BNM_13_FEBRUARIE_2019.pdf.md,c82fc34fae49792579dde8661ff2496e4356f91b038ef1b0d15aef67261c0f9d,891c78b16297d2e711127e2d82776fc972413f4a9e3e6e0a5b657e7ce46faec5,text-extracted
267,report,"Inflation Report no. 4, 2018",https://www.bnm.md/files/RI_4_2018_en.pdf,https://www.bnm.md/en/content/raport-asupra-inflatiei-nr-4-noiembrie-2018,original/267__RI_4_2018_en.pdf,documents/267__RI_4_2018_en.pdf.md,4f96f7c9b92cf6aaf13e36dcab77741c5f1934464d0509e2181f9556ebf1470b,fa65dbc30fcfbacc17e3769b1bf4dc900ed5d54be33ff01b1d45284577f35174,text-extracted
268,report,"Inflation Report no. 3, 2018",https://www.bnm.md/files/IR_3_2018_en_fin.pdf,https://www.bnm.md/en/content/inflation-report-no-3-august-2018,original/268__IR_3_2018_en_fin.pdf,documents/268__IR_3_2018_en_fin.pdf.md,c5efc5865a681029af0a8c977e1eee59c0e63efdd347620657dd26acc122a520,c318a33c6c80f5b99a78d898f7b6a22bb1e0b5a9975f920e364dff8512b2d27e,text-extracted
269,report,"Inflation Report no. 2, 2018",https://www.bnm.md/files/RI_2_2018_eng.pdf,https://www.bnm.md/en/content/inflation-report-no-2-may-2018,original/269__RI_2_2018_eng.pdf,documents/269__RI_2_2018_eng.pdf.md,6e1934db5fbe1b4603234ff3522e3179f39062479a651556f7da1684e3cd2ffc,fad6e41c59b8949ce4faa6460aa20fea9c68a1a01305ff987d86890017bb89ae,text-extracted
270,report,"Inflation Report no. 1, 2018",https://www.bnm.md/files/IR_1_February_2018_1.pdf,https://www.bnm.md/en/content/inflation-report-no-1-february-2018,original/270__IR_1_February_2018_1.pdf,documents/270__IR_1_February_2018_1.pdf.md,37ec366ab62fbf378ac92e5b0846b6edb312f3a5dac89f0c867630f42e159fb6,d496c0ee60d13d563b38987767532396306c65a6c852f6b729429a275c9b08aa,text-extracted
271,report,"Inflation Report no. 4, 2017",https://www.bnm.md/files/RI_4_2017_EN.pdf,https://www.bnm.md/en/content/inflation-report-no-4-2-november-2017,original/271__RI_4_2017_EN.pdf,documents/271__RI_4_2017_EN.pdf.md,a4c93a4e4dc6226c311c309f280164c0b5d11192d147e68902626308d45e0fb0,c5f3239f58f782d4230f03b0de97f77a839b6941913bd7153a36f7a556b28d82,text-extracted
272,report,"Inflation Report no. 3, 2017",https://www.bnm.md/files/ri_3_2017_en.pdf,https://www.bnm.md/en/content/inflation-report-no-3-3-august-2017,original/272__ri_3_2017_en.pdf,documents/272__ri_3_2017_en.pdf.md,8f89ff91b702b99657b2c15905131cdb6ce2c5dba6c274272a92e29a0b06f8d0,062d0f25c7e04e47ffdd15796532c5a8a191aa24d44b9d7a3c2dc8244848a6cc,text-extracted
273,report,"Inflation Report no. 2, 2017",https://www.bnm.md/files/ri_2_mai_2017_en.pdf,https://www.bnm.md/en/content/raport-asupra-inflatiei-nr-2-4-mai-2017,original/273__ri_2_mai_2017_en.pdf,documents/273__ri_2_mai_2017_en.pdf.md,cbcc05b460a84009215b7466a68ad96c3fd47771e30b13c79b37f48c230273d2,9b91c39b5caf29fd619dead5d5f871f6d12786d5812ee29ef3ff539bba526642,text-extracted
274,report,"Inflation Report no. 1, 2017",https://www.bnm.md/files/ri_1_2017_en_ISBN_mod.pdf,https://www.bnm.md/en/content/inflation-report-no-1-february-2017,original/274__ri_1_2017_en_ISBN_mod.pdf,documents/274__ri_1_2017_en_ISBN_mod.pdf.md,a63732588b9619302b62d973ded2bfbbabcf421cac526805c94efbf4d14f2dd9,dd5e7beed76edc4181cec4d2b94b0cf26fbbd7c5fcbf5dfb53aad242050d9e19,text-extracted
275,report,"Inflation Report no. 4, 2016",https://www.bnm.md/files/RI_4_2016_eng_2.pdf,https://www.bnm.md/en/content/inflation-report-no-4-october-2016,original/275__RI_4_2016_eng_2.pdf,documents/275__RI_4_2016_eng_2.pdf.md,612f179dd5a7ddb87e9bd553b824079432ff648aadceb6b2e03b1b006510fbfb,6626d22592dad209b9d9ae806da27167b7c36ff858ef066b59ef13fd3e0b9976,text-extracted
276,report,"Inflation Report no. 3, 2016",https://www.bnm.md/files/RI_3_2016_eng cu ISBN.pdf,https://www.bnm.md/en/content/raport-asupra-inflatiei-nr-3-august-2016,original/276__RI_3_2016_eng cu ISBN.pdf,documents/276__RI_3_2016_eng cu ISBN.pdf.md,e9fa5eae182af2383572eb9f10e442f4cc0fc0849f98282cfa2326aacc46f767,6c35d120e25bf2eb5ca887e93db7659d62e36a1baa524e5ccafbdb3ad8f169b5,text-extracted
277,report,"Inflation Report no. 2, 2016",https://www.bnm.md/files/RI_2_2016_en.pdf,https://www.bnm.md/en/content/inflation-report-no-2-may-2016,original/277__RI_2_2016_en.pdf,documents/277__RI_2_2016_en.pdf.md,0dce8e2ea374043a476f77a93a27fdc3be579d883c839621fb9b59897b5526c9,51d34e1777bdb7c60cdd190008c40163ae62ebe0c494bef94d95383ee0d6d87f,text-extracted
278,report,"Inflation Report no. 1, 2016",https://www.bnm.md/files/RI_1_2016_en.pdf,https://www.bnm.md/en/content/inflation-report-no-4-february-2016,original/278__RI_1_2016_en.pdf,documents/278__RI_1_2016_en.pdf.md,e1d024db3b4b82eee72e8b66f9a9802550863f51e00fee88cdbf20273e64c162,74cd8dbd90dc45c760bf70b046b6f14d8ef480c7ea9a67c9fe9ebb891112ba3e,text-extracted
279,report,"Inflation Report no. 4, 2015",https://www.bnm.md/files/RI_4_2015_en.pdf,https://www.bnm.md/en/content/inflation-report-no-4-november-2015,original/279__RI_4_2015_en.pdf,documents/279__RI_4_2015_en.pdf.md,6b2ec5e81b6decb3ddfa98463813a0e068873aa381ca47f3c964c79f2ab3ce59,7b39a05e9e2b8a375f341d024ea52665a05b346bf2ec7ba310d1c08bbf0c3f13,text-extracted
280,report,"Inflation Report no. 3, 2015",https://www.bnm.md/files/RI_main_EN_nr3_2015.pdf,https://www.bnm.md/en/content/inflation-report-no3-august-2015,original/280__RI_main_EN_nr3_2015.pdf,documents/280__RI_main_EN_nr3_2015.pdf.md,ac830bb05ae6c30621d3d4bb2cf919f152cad1bd97d067378063bcaa719503eb,1d59d7fdd64c5e4336864876cc00bccbbfe9db96575142a067e9915c77ef52ee,text-extracted
281,report,"Inflation Report no. 2, 2015",https://www.bnm.md/files/RI_2_2015_EN.pdf,https://www.bnm.md/en/content/inflation-report-no2-may-2015,original/281__RI_2_2015_EN.pdf,documents/281__RI_2_2015_EN.pdf.md,9b1221d988f377c92740f1f5d42fc065baf22010ca4fdc78f832b44635e6a3ab,3476d97cbdc204f62a8c000b731cce820f57fdb26dad5d9c2597cdb1bf009185,text-extracted
282,report,"Inflation Report no. 1, 2015",https://www.bnm.md/files/feb_en2015.pdf,https://www.bnm.md/en/content/inflation-report-no1-february-2015,original/282__feb_en2015.pdf,documents/282__feb_en2015.pdf.md,3309ca7c992df62222e42919e1fcc1dfe63e77e44b16c695c1f4594c0053df40,99ff9864feaf0be991085ace3559a1665bbd9de87f6dc184afb05de3c7dd4352,text-extracted
283,report,"Inflation Report no. 4, 2014",https://www.bnm.md/files/nov_en2014.pdf,https://www.bnm.md/en/content/inflation-report-no4-november-2014,original/283__nov_en2014.pdf,documents/283__nov_en2014.pdf.md,aed7e5c2db537ab6e3fab818961c026647e07976a7720579db3048450f379923,9007e416194a2e1e0c35bdc5527518bb9e0bca5abd14b60a4f11921117424c5f,text-extracted
284,report,"Inflation Report no. 3, 2014",https://www.bnm.md/files/aug_en2014.pdf,https://www.bnm.md/en/content/inflation-report-no3-august-2014,original/284__aug_en2014.pdf,documents/284__aug_en2014.pdf.md,a9c474a9c8673791f5761d59ee6e68f55a509d43de59212bd581151bfba013fd,175f28fd9a7cb275d1f23576ea16045ce1361e3da8c1896a957cd463ae74307f,text-extracted
285,report,"Inflation Report no. 2, 2014",https://www.bnm.md/files/RI_2_2014_EN_1.pdf,https://www.bnm.md/en/content/inflation-report-no2-may-2014,original/285__RI_2_2014_EN_1.pdf,documents/285__RI_2_2014_EN_1.pdf.md,f95bc2072eec08c780860c4c8d898874a9697900ca548bdbe19d3bc2bb27f7d6,7adb6d7407ff3fb0f92b0f9e334c16c4bda7ad5e899125afe3b90d2b4e1cbd5f,text-extracted
286,report,"Inflation Report no. 1, 2014",https://www.bnm.md/files/feb_en2014.pdf,https://www.bnm.md/en/content/inflation-report-no1-february-2014,original/286__feb_en2014.pdf,documents/286__feb_en2014.pdf.md,cc4bf8a0a66d86f2977c8b5d03f846d32ce0668406a98dd134182452c38d2783,6ef2a0230459eb6a80de11aa4de60d932cc638e20072001d2882f0c237405c25,text-extracted
287,report,"Inflation Report no. 4, 2013",https://www.bnm.md/files/nov_2013.pdf,https://www.bnm.md/en/content/inflation-report-no4-november-2013,original/287__nov_2013.pdf,documents/287__nov_2013.pdf.md,0e922f3ad9b0a0ac835e1af77bb547e61496bd5aa482dd995d21e544b9d1710c,7af908ad791ace31af818afef5f2de6b823d6cc93c438f44d91b0029b1e1b0c6,text-extracted
288,report,"Inflation Report no. 3, 2013",https://www.bnm.md/files/aug_2013.pdf,https://www.bnm.md/en/content/inflation-report-no3-august-2013,original/288__aug_2013.pdf,documents/288__aug_2013.pdf.md,60093d7bfd76871d45ad0cf8122278bbc4f46cfaccb795e8345024526d4f7ea5,72c55d456648526e08665b6ec00b111db137ccbc2a5052b98a2a7fe0191cdf60,text-extracted
289,report,"Inflation Report no. 2, 2013",https://www.bnm.md/files/may_2013.pdf,https://www.bnm.md/en/content/inflation-report-no2-may-2013,original/289__may_2013.pdf,documents/289__may_2013.pdf.md,4fb56a52ed6cd1f0217427a5cb48ce40ae0f689190fdba942863bdd30deb6a3a,ed3c7009e38f772d008e46bb6f535c6da2b32cf6b14d25ca923b62200ddcaef2,text-extracted
290,report,"Inflation Report no. 1, 2013",https://www.bnm.md/files/feb_2013.pdf,https://www.bnm.md/en/content/inflation-report-no1-february-2013,original/290__feb_2013.pdf,documents/290__feb_2013.pdf.md,83891deecbc3a96cbef4976f09076248eb4f07e567d01299761a33da35416511,82efc9dd69f5443d4abcb4384a11c7f74e633aa28d25d8b3fc9110e1220d437e,text-extracted
291,report,"Inflation Report no. 4, 2012",https://www.bnm.md/files/nov_2012.pdf,https://www.bnm.md/en/content/inflation-report-no4-november-2012,original/291__nov_2012.pdf,documents/291__nov_2012.pdf.md,ca41a07936e50ccd637beb7fcf0e2588fd60f747c98f08ea0b1ab3aa17257a32,8ffe8a6857e386865df1aac0605c27d8bf1ba7f048836b002224b8c354016cf2,text-extracted
292,report,"Inflation Report no. 3, 2012",https://www.bnm.md/files/aug_2012.pdf,https://www.bnm.md/en/content/inflation-report-no3-august-2012,original/292__aug_2012.pdf,documents/292__aug_2012.pdf.md,d587e18805e6a084ab5c1d78837dbd6ea7bf58303cbc68bc26b214fd72677e72,64c170426ae586ab7b88f532c6e95b112402e054d6835cd384b412f0f2e45765,text-extracted
293,report,"Inflation Report no. 2, 2012",https://www.bnm.md/files/may_2012.pdf,https://www.bnm.md/en/content/inflation-report-no2-may-2012,original/293__may_2012.pdf,documents/293__may_2012.pdf.md,34ac6171b2d9ec468a157503db7cd0f5815af1bee41a96b2573fa9ce87a8dd74,82f1a4c2839264b7e0e964d9c23e8f8c37ecf152bd72ad9469975f30487e9582,text-extracted
294,report,"Inflation Report no. 1, 2012",https://www.bnm.md/files/feb_2012.pdf,https://www.bnm.md/en/content/inflation-report-no-1-february-2012,original/294__feb_2012.pdf,documents/294__feb_2012.pdf.md,6d55b13ab963829aac970e32449ebdb9922d3cb2b6b5711d66c15435bf8fb9aa,180f619ffddff57bfedb6de762b5dc86d82b675c926d77877541d6d73348fd15,text-extracted
295,report,"Inflation Report no. 4, 2011",https://www.bnm.md/files/nov_2011.pdf,https://www.bnm.md/en/content/inflation-report-no-4-november-2011,original/295__nov_2011.pdf,documents/295__nov_2011.pdf.md,4fe2518a264b838f4cad4b4a7db7c00832cbac09f09f2a2afaf33a3ece1d1e6f,3766be82912f3ab438258e5bcc560fd4ef967919bfc3972d8765146c4eef6381,text-extracted
296,report,"Inflation Report no. 3, 2011",https://www.bnm.md/files/aug_2011.pdf,https://www.bnm.md/en/content/inflation-report-no-3-august-2011,original/296__aug_2011.pdf,documents/296__aug_2011.pdf.md,4b0cf2f045e8e5c7d5ba85b1352667f06b4c6b47be9b14340db3894c4d86cbde,0c76c7463501d0a0143b174a0a15a9766d07a2c5f90ae6e901679bd2f9b055b7,text-extracted
297,report,"Inflation Report no. 2, 2011",https://www.bnm.md/files/may_2011.pdf,https://www.bnm.md/en/content/inflation-report-no-2-may-2011,original/297__may_2011.pdf,documents/297__may_2011.pdf.md,0ffa965ecf1c885b30b6908b5476e369c3a3a471d7cf106c485f61075d33dd3d,f73fe3565550183b2af9c835b4ffaa5c6e809ac11882176cc3947377919cc1f2,text-extracted
298,report,"Inflation Report no. 1, 2011",https://www.bnm.md/files/1_2011_en.pdf,https://www.bnm.md/en/content/inflation-report-no1-2011,original/298__1_2011_en.pdf,documents/298__1_2011_en.pdf.md,4e8018c6213b6707bea58bf0a6a241a5246498801f13718f41cbd4144bf89f8a,3040885093fcaff55f477d709b5ebe6c58de8f4f6beba4596b18bdbbe238d80f,text-extracted
299,report,Financial Stability Report for 2024,https://www.bnm.md/files/Financial Stability Report 2024.pdf,https://www.bnm.md/en/content/financial-stability-report-2024,original/299__Financial Stability Report 2024.pdf,documents/299__Financial Stability Report 2024.pdf.md,ca794551fafb85335087ade7a657a7e158665100dd5dc0acca4cee6daa4fc11b,31e5261124efc18643712aa57847d925bd31c2625ce5ee55a5cb8697fed2ffe8,text-extracted
300,report,Financial Stability Report for 2023,https://www.bnm.md/files/Financial Stability Report for 2023.pdf,https://www.bnm.md/en/content/financial-stability-report-2023,original/300__Financial Stability Report for 2023.pdf,documents/300__Financial Stability Report for 2023.pdf.md,81e0765e201447319a3af27d3e58bcbe42150a2628fb48182db8fcb1b7c45b64,792d7c9aeae39a795c10ae0f19d77fe94bc62cc5ae5a88b582cb8200983c6579,text-extracted
301,report,Financial Stability Report for 2022,https://www.bnm.md/files/RSF_2022_EN_v1.pdf,https://www.bnm.md/en/content/raportul-asupra-stabilitatii-financiare-2022,original/301__RSF_2022_EN_v1.pdf,documents/301__RSF_2022_EN_v1.pdf.md,68111bb1c271de0badf0d6abc659a52ef89c6d0367989112f0ca9ddeb92a2459,87c3fb733dc1684c358a776fe48cba63881270e2584f021ec22cb5aefe8f4e32,text-extracted
302,report,Financial Stability Report for 2021,https://www.bnm.md/files/RSF-2021_ENG.pdf,https://www.bnm.md/en/content/financial-stability-report-2021,original/302__RSF-2021_ENG.pdf,documents/302__RSF-2021_ENG.pdf.md,b66fe8b6a7abd5fea7b2124d9180337ef5a48a9301aba9ba5cd43e8f9666ae7b,a1a3d10c0769cad5a22f4c6865840c28fc5f5c4af36013dc5612fdde08f0ccd1,text-extracted
303,report,Financial Stability Report for 2020,https://www.bnm.md/files/RSF-2020_EN.pdf,https://www.bnm.md/en/content/financial-stability-report-2020,original/303__RSF-2020_EN.pdf,documents/303__RSF-2020_EN.pdf.md,4ab1430ecbaecc54e3b01fe4100ec6f44e733a66035545603b7c9d7a49e88f8e,9218315c8fac66ff6baaa4761e64fd0a5812495c4421941a440c065fcdefca4f,text-extracted
304,report,Financial Stability Report for 2019,https://www.bnm.md/files/RSF-2019_eng.pdf,https://www.bnm.md/en/content/financial-stability-report-2019,original/304__RSF-2019_eng.pdf,documents/304__RSF-2019_eng.pdf.md,5c65748e75d8c73028b1e409127c2241d54ef2fe9845958cf61cb54802d01ad2,8bbf80ff8bfe2ba90d63db8896fffa106d7b9905fc46ebd39d5482d490354718,text-extracted
305,report,Financial Stability Report for 2018,https://www.bnm.md/files/RSF-2018_publicare_EN.pdf,https://www.bnm.md/en/content/financial-stability-report-2018,original/305__RSF-2018_publicare_EN.pdf,documents/305__RSF-2018_publicare_EN.pdf.md,3790bf61d64d5776dffe03c52b7d51e945d70f4a0ab165f5d5c4296828a6ad05,a46d564187aa9dd9ed8b443082a882be0972c55930bc4ae11acf2050e7f98bf3,text-extracted
